DataLength;Bubble sort steps;Bubble sort memory;Quick sort steps;Quick sort memory;Merge sort steps;Merge sort memory;
1;0;12;1;0;1;0;
2;5;12;4;16;7;24;
3;11;12;9;32;15;52;
4;18;12;15;48;23;80;
5;30;12;18;64;33;112;
6;39;12;18;64;43;144;
7;73;12;30;80;53;176;
8;76;12;22;64;63;208;
9;136;12;35;96;75;244;
10;145;12;53;144;87;280;
11;139;12;53;128;99;316;
12;162;12;70;160;111;352;
13;222;12;77;160;123;388;
14;319;12;68;192;135;424;
15;273;12;77;176;147;460;
16;348;12;92;224;159;496;
17;532;12;91;240;173;536;
18;449;12;80;224;187;576;
19;539;12;120;288;201;616;
20;530;12;119;272;215;656;
21;602;12;114;272;229;696;
22;723;12;123;288;243;736;
23;685;12;152;336;257;776;
24;820;12;142;352;271;816;
25;892;12;164;336;285;856;
26;945;12;147;368;299;896;
27;1011;12;157;368;313;936;
28;1122;12;192;384;327;976;
29;1278;12;188;384;341;1016;
30;1311;12;199;384;355;1056;
31;1433;12;206;416;369;1096;
32;1600;12;228;416;383;1136;
33;1564;12;211;432;399;1180;
34;1653;12;217;432;415;1224;
35;1803;12;262;496;431;1268;
36;1642;12;225;512;447;1312;
37;1730;12;216;528;463;1356;
38;2019;12;248;560;479;1400;
39;2329;12;229;528;495;1444;
40;2408;12;257;560;511;1488;
41;2072;12;285;544;527;1532;
42;2517;12;312;592;543;1576;
43;2499;12;349;592;559;1620;
44;2754;12;281;624;575;1664;
45;2594;12;327;592;591;1708;
46;3187;12;294;592;607;1752;
47;3501;12;287;576;623;1796;
48;3488;12;349;656;639;1840;
49;3724;12;383;624;655;1884;
50;3717;12;344;640;671;1928;
51;3911;12;357;720;687;1972;
52;3858;12;327;672;703;2016;
53;3986;12;366;720;719;2060;
54;4819;12;375;720;735;2104;
55;4645;12;383;752;751;2148;
56;5168;12;461;768;767;2192;
57;5252;12;367;720;783;2236;
58;4845;12;409;800;799;2280;
59;5051;12;390;736;815;2324;
60;5250;12;494;800;831;2368;
61;6030;12;444;864;847;2412;
62;5039;12;458;864;863;2456;
63;5945;12;474;928;879;2500;
64;5808;12;443;880;895;2544;
65;5968;12;589;960;913;2592;
66;6705;12;553;912;931;2640;
67;6983;12;474;896;949;2688;
68;7010;12;621;928;967;2736;
69;7022;12;466;976;985;2784;
70;7255;12;456;944;1003;2832;
71;7425;12;556;944;1021;2880;
72;7740;12;559;928;1039;2928;
73;7236;12;520;912;1057;2976;
74;8285;12;533;992;1075;3024;
75;7903;12;609;1040;1093;3072;
76;7870;12;525;992;1111;3120;
77;8166;12;605;1088;1129;3168;
78;8647;12;603;1104;1147;3216;
79;9041;12;611;1072;1165;3264;
80;9908;12;573;1104;1183;3312;
81;9164;12;612;1152;1201;3360;
82;10345;12;733;1120;1219;3408;
83;9679;12;663;1088;1237;3456;
84;9674;12;658;1104;1255;3504;
85;10362;12;574;1184;1273;3552;
86;11435;12;684;1200;1291;3600;
87;10797;12;641;1168;1309;3648;
88;11900;12;634;1120;1327;3696;
89;11316;12;667;1184;1345;3744;
90;10673;12;777;1232;1363;3792;
91;12527;12;650;1200;1381;3840;
92;12134;12;790;1264;1399;3888;
93;13858;12;746;1216;1417;3936;
94;12915;12;704;1216;1435;3984;
95;13129;12;807;1296;1453;4032;
96;13800;12;710;1328;1471;4080;
97;15356;12;729;1376;1489;4128;
98;14217;12;754;1392;1507;4176;
99;14123;12;848;1392;1525;4224;
100;14990;12;745;1360;1543;4272;
101;14114;12;867;1296;1561;4320;
102;14903;12;854;1392;1579;4368;
103;15853;12;908;1456;1597;4416;
104;14848;12;826;1408;1615;4464;
105;16556;12;716;1328;1633;4512;
106;15493;12;874;1472;1651;4560;
107;17083;12;858;1424;1669;4608;
108;16490;12;847;1424;1687;4656;
109;16942;12;849;1504;1705;4704;
110;17315;12;837;1488;1723;4752;
111;18885;12;919;1504;1741;4800;
112;17804;12;927;1584;1759;4848;
113;17804;12;828;1456;1777;4896;
114;19661;12;1032;1600;1795;4944;
115;19379;12;905;1584;1813;4992;
116;19210;12;951;1568;1831;5040;
117;21226;12;1014;1552;1849;5088;
118;18843;12;927;1616;1867;5136;
119;19789;12;1018;1648;1885;5184;
120;22888;12;1110;1632;1903;5232;
121;21684;12;1021;1648;1921;5280;
122;23529;12;988;1680;1939;5328;
123;22799;12;1030;1680;1957;5376;
124;23322;12;1024;1584;1975;5424;
125;21934;12;1030;1712;1993;5472;
126;22555;12;1133;1680;2011;5520;
127;25005;12;998;1648;2029;5568;
128;25796;12;1080;1792;2047;5616;
129;25684;12;1042;1744;2067;5668;
130;25633;12;1136;1760;2087;5720;
131;22903;12;1150;1808;2107;5772;
132;23778;12;1001;1760;2127;5824;
133;26034;12;1097;1808;2147;5876;
134;26411;12;1153;1824;2167;5928;
135;26337;12;1175;1808;2187;5980;
136;28944;12;1101;1856;2207;6032;
137;29388;12;1384;1920;2227;6084;
138;27901;12;1207;1888;2247;6136;
139;27875;12;1078;1792;2267;6188;
140;28430;12;1097;1872;2287;6240;
141;26186;12;1131;1872;2307;6292;
142;28559;12;1206;1920;2327;6344;
143;30341;12;1249;1904;2347;6396;
144;32548;12;1165;1968;2367;6448;
145;32272;12;1256;1872;2387;6500;
146;34157;12;1296;1968;2407;6552;
147;33027;12;1320;2000;2427;6604;
148;32722;12;1233;1856;2447;6656;
149;33026;12;1247;2016;2467;6708;
150;32011;12;1202;2080;2487;6760;
151;34861;12;1283;2080;2507;6812;
152;32976;12;1245;2080;2527;6864;
153;34280;12;1459;2064;2547;6916;
154;32117;12;1526;2096;2567;6968;
155;36291;12;1311;2032;2587;7020;
156;34886;12;1380;2144;2607;7072;
157;36450;12;1493;2128;2627;7124;
158;38739;12;1263;2160;2647;7176;
159;37545;12;1419;2112;2667;7228;
160;38352;12;1436;2144;2687;7280;
161;37908;12;1386;2224;2707;7332;
162;37173;12;1271;2048;2727;7384;
163;37303;12;1382;2160;2747;7436;
164;40638;12;1352;2288;2767;7488;
165;41394;12;1321;2208;2787;7540;
166;41367;12;1544;2192;2807;7592;
167;40229;12;1440;2192;2827;7644;
168;40584;12;1475;2192;2847;7696;
169;43328;12;1431;2368;2867;7748;
170;44609;12;1435;2352;2887;7800;
171;43311;12;1563;2352;2907;7852;
172;42758;12;1528;2320;2927;7904;
173;42590;12;1508;2368;2947;7956;
174;45871;12;1441;2304;2967;8008;
175;46489;12;1666;2352;2987;8060;
176;46620;12;1864;2304;3007;8112;
177;45320;12;1505;2304;3027;8164;
178;47573;12;1384;2272;3047;8216;
179;46283;12;1626;2304;3067;8268;
180;46830;12;1576;2496;3087;8320;
181;46870;12;1767;2544;3107;8372;
182;50527;12;1538;2320;3127;8424;
183;48873;12;1568;2416;3147;8476;
184;50792;12;1544;2352;3167;8528;
185;49728;12;1781;2448;3187;8580;
186;52377;12;1527;2336;3207;8632;
187;52003;12;1514;2464;3227;8684;
188;51842;12;1673;2560;3247;8736;
189;52138;12;1660;2512;3267;8788;
190;56715;12;1663;2464;3287;8840;
191;56705;12;1647;2704;3307;8892;
192;51048;12;1501;2592;3327;8944;
193;55584;12;1626;2800;3347;8996;
194;56129;12;1565;2656;3367;9048;
195;55767;12;1682;2720;3387;9100;
196;58526;12;1559;2592;3407;9152;
197;55730;12;1653;2640;3427;9204;
198;58335;12;1949;2768;3447;9256;
199;59989;12;1721;2720;3467;9308;
200;61908;12;1791;2688;3487;9360;
201;56676;12;1761;2768;3507;9412;
202;58097;12;1656;2688;3527;9464;
203;62607;12;1835;2768;3547;9516;
204;62694;12;1736;2720;3567;9568;
205;64038;12;1955;2832;3587;9620;
206;64015;12;1753;2752;3607;9672;
207;65633;12;1860;2848;3627;9724;
208;65492;12;1982;2848;3647;9776;
209;64208;12;1729;2848;3667;9828;
210;65409;12;1889;2864;3687;9880;
211;64423;12;1906;2816;3707;9932;
212;64914;12;1700;2800;3727;9984;
213;64550;12;2092;2816;3747;10036;
214;67819;12;1683;2848;3767;10088;
215;68981;12;1855;2896;3787;10140;
216;72164;12;2127;2720;3807;10192;
217;72116;12;1963;2832;3827;10244;
218;70185;12;1788;2880;3847;10296;
219;68487;12;1858;2944;3867;10348;
220;75802;12;1848;2880;3887;10400;
221;71850;12;1818;2896;3907;10452;
222;72883;12;2062;3008;3927;10504;
223;71301;12;1961;3008;3947;10556;
224;78848;12;2030;2944;3967;10608;
225;71924;12;2016;2928;3987;10660;
226;72137;12;1884;3024;4007;10712;
227;78935;12;2018;3088;4027;10764;
228;76230;12;2137;3040;4047;10816;
229;77050;12;1860;3008;4067;10868;
230;80935;12;2016;3152;4087;10920;
231;83953;12;2090;3072;4107;10972;
232;81996;12;2381;3056;4127;11024;
233;84784;12;2237;3120;4147;11076;
234;81557;12;2013;3200;4167;11128;
235;80467;12;2039;3136;4187;11180;
236;82930;12;2235;3104;4207;11232;
237;85150;12;1956;3184;4227;11284;
238;83115;12;2114;3216;4247;11336;
239;90413;12;2356;3152;4267;11388;
240;88076;12;2278;3264;4287;11440;
241;82252;12;2207;3280;4307;11492;
242;86353;12;2094;3200;4327;11544;
243;86599;12;2029;3040;4347;11596;
244;89170;12;2325;3152;4367;11648;
245;92042;12;2024;3200;4387;11700;
246;95015;12;2365;3296;4407;11752;
247;91869;12;2211;3264;4427;11804;
248;89844;12;2232;3248;4447;11856;
249;94536;12;2142;3408;4467;11908;
250;93801;12;2221;3280;4487;11960;
251;95859;12;2031;3136;4507;12012;
252;89930;12;2298;3344;4527;12064;
253;89598;12;2517;3360;4547;12116;
254;93807;12;2237;3440;4567;12168;
255;97589;12;2370;3360;4587;12220;
256;95896;12;2453;3312;4607;12272;
257;98704;12;2167;3360;4629;12328;
258;96525;12;2359;3344;4651;12384;
259;94983;12;2448;3360;4673;12440;
260;101274;12;2205;3360;4695;12496;
261;97250;12;2645;3472;4717;12552;
262;102319;12;2269;3536;4739;12608;
263;102373;12;2349;3376;4761;12664;
264;108272;12;2557;3456;4783;12720;
265;110960;12;2246;3312;4805;12776;
266;110665;12;2451;3360;4827;12832;
267;108511;12;2275;3664;4849;12888;
268;107454;12;2371;3552;4871;12944;
269;107522;12;2323;3568;4893;13000;
270;103447;12;2733;3536;4915;13056;
271;109189;12;2624;3648;4937;13112;
272;110500;12;2377;3568;4959;13168;
273;109272;12;2338;3584;4981;13224;
274;110249;12;2455;3632;5003;13280;
275;111043;12;2619;3504;5025;13336;
276;115874;12;2673;3680;5047;13392;
277;112850;12;2401;3536;5069;13448;
278;109767;12;2448;3824;5091;13504;
279;116153;12;2416;3648;5113;13560;
280;113004;12;2550;3600;5135;13616;
281;114068;12;2527;3568;5157;13672;
282;125653;12;2425;3712;5179;13728;
283;116787;12;2378;3856;5201;13784;
284;122682;12;2480;3728;5223;13840;
285;121618;12;2414;3696;5245;13896;
286;117403;12;2377;3728;5267;13952;
287;128373;12;2599;3872;5289;14008;
288;119924;12;2516;3792;5311;14064;
289;126216;12;2757;3872;5333;14120;
290;129805;12;2785;3792;5355;14176;
291;129131;12;2833;3776;5377;14232;
292;126010;12;2719;3728;5399;14288;
293;129002;12;2636;3808;5421;14344;
294;127967;12;2578;4048;5443;14400;
295;124049;12;2894;3872;5465;14456;
296;130792;12;2581;3872;5487;14512;
297;130860;12;2583;3776;5509;14568;
298;131557;12;2893;3744;5531;14624;
299;134395;12;2896;3904;5553;14680;
300;135414;12;2690;3888;5575;14736;
301;129414;12;2712;3984;5597;14792;
302;139367;12;2624;3840;5619;14848;
303;135721;12;2743;4000;5641;14904;
304;134456;12;2932;4128;5663;14960;
305;141412;12;3253;4000;5685;15016;
306;134161;12;2784;4032;5707;15072;
307;143387;12;2682;3888;5729;15128;
308;138110;12;2747;3888;5751;15184;
309;144030;12;2648;3904;5773;15240;
310;147519;12;2842;4192;5795;15296;
311;137009;12;2716;4192;5817;15352;
312;141420;12;2709;4176;5839;15408;
313;148252;12;3120;4176;5861;15464;
314;139609;12;2931;4000;5883;15520;
315;144507;12;3307;4064;5905;15576;
316;154234;12;2782;4112;5927;15632;
317;150026;12;2662;4064;5949;15688;
318;150103;12;3270;4064;5971;15744;
319;145997;12;2802;4080;5993;15800;
320;159852;12;2852;4320;6015;15856;
321;156232;12;3012;4096;6037;15912;
322;156809;12;3106;4208;6059;15968;
323;148315;12;2916;4080;6081;16024;
324;157670;12;2777;4048;6103;16080;
325;155654;12;3034;4304;6125;16136;
326;161971;12;3093;4384;6147;16192;
327;159481;12;3182;4208;6169;16248;
328;161376;12;2994;4160;6191;16304;
329;164884;12;3039;4176;6213;16360;
330;167973;12;2822;4432;6235;16416;
331;164751;12;2722;4160;6257;16472;
332;161866;12;3067;4448;6279;16528;
333;168518;12;3142;4432;6301;16584;
334;169427;12;2741;4352;6323;16640;
335;176773;12;3309;4352;6345;16696;
336;162916;12;3255;4368;6367;16752;
337;165916;12;2888;4368;6389;16808;
338;169821;12;3269;4464;6411;16864;
339;170819;12;3086;4400;6433;16920;
340;164278;12;3139;4496;6455;16976;
341;168966;12;3017;4432;6477;17032;
342;176483;12;3058;4384;6499;17088;
343;170957;12;3003;4448;6521;17144;
344;172892;12;3041;4496;6543;17200;
345;181796;12;3631;4464;6565;17256;
346;174957;12;3122;4544;6587;17312;
347;188599;12;3587;4576;6609;17368;
348;175790;12;3270;4496;6631;17424;
349;181278;12;3124;4528;6653;17480;
350;182039;12;3130;4528;6675;17536;
351;184513;12;3216;4544;6697;17592;
352;179464;12;3349;4672;6719;17648;
353;183392;12;3343;4400;6741;17704;
354;189589;12;3441;4640;6763;17760;
355;184227;12;3110;4720;6785;17816;
356;191050;12;3281;4656;6807;17872;
357;189850;12;3364;4512;6829;17928;
358;190191;12;3082;4768;6851;17984;
359;185005;12;3161;4656;6873;18040;
360;191780;12;3588;4864;6895;18096;
361;184752;12;3428;4784;6917;18152;
362;197885;12;3374;4704;6939;18208;
363;194243;12;3194;4736;6961;18264;
364;195402;12;3668;4608;6983;18320;
365;197402;12;3422;4656;7005;18376;
366;197927;12;4030;4672;7027;18432;
367;201145;12;3339;4960;7049;18488;
368;198528;12;3849;4736;7071;18544;
369;203520;12;3557;4624;7093;18600;
370;207125;12;3430;4832;7115;18656;
371;203819;12;3439;4832;7137;18712;
372;199458;12;3493;4896;7159;18768;
373;209662;12;3289;4688;7181;18824;
374;211179;12;3397;4944;7203;18880;
375;214193;12;3210;4672;7225;18936;
376;206368;12;3266;4880;7247;18992;
377;214656;12;3503;4816;7269;19048;
378;207301;12;3540;4880;7291;19104;
379;222467;12;3464;4992;7313;19160;
380;212762;12;3625;5008;7335;19216;
381;218302;12;3765;5040;7357;19272;
382;218183;12;3734;5056;7379;19328;
383;220505;12;3402;4800;7401;19384;
384;223796;12;3578;5008;7423;19440;
385;217364;12;3907;4992;7445;19496;
386;223077;12;3732;5184;7467;19552;
387;222563;12;4144;4800;7489;19608;
388;222918;12;3310;4880;7511;19664;
389;226166;12;4201;5056;7533;19720;
390;228171;12;3857;4944;7555;19776;
391;234193;12;3650;4992;7577;19832;
392;227268;12;3769;5152;7599;19888;
393;224872;12;3366;4992;7621;19944;
394;244829;12;3717;5056;7643;20000;
395;227891;12;3681;5200;7665;20056;
396;232466;12;3605;5072;7687;20112;
397;231246;12;3860;5040;7709;20168;
398;232559;12;3711;5072;7731;20224;
399;239433;12;3483;5152;7753;20280;
400;238044;12;3627;5136;7775;20336;
401;238076;12;3647;5424;7797;20392;
402;244933;12;3776;5184;7819;20448;
403;233943;12;3710;5296;7841;20504;
404;233022;12;3490;5168;7863;20560;
405;239818;12;3956;5264;7885;20616;
406;241307;12;3761;5200;7907;20672;
407;245913;12;3656;5216;7929;20728;
408;249804;12;3919;5216;7951;20784;
409;241844;12;3709;5168;7973;20840;
410;251865;12;3969;5184;7995;20896;
411;250599;12;3755;5392;8017;20952;
412;255258;12;4155;5344;8039;21008;
413;258562;12;3945;5264;8061;21064;
414;256251;12;3718;5392;8083;21120;
415;250049;12;4140;5280;8105;21176;
416;250876;12;3637;5312;8127;21232;
417;251652;12;3836;5488;8149;21288;
418;258789;12;4328;5296;8171;21344;
419;260095;12;3814;5504;8193;21400;
420;260166;12;3944;5184;8215;21456;
421;270818;12;4018;5440;8237;21512;
422;275031;12;3753;5280;8259;21568;
423;261781;12;4603;5440;8281;21624;
424;263172;12;3687;5456;8303;21680;
425;257760;12;3918;5648;8325;21736;
426;275337;12;3706;5312;8347;21792;
427;270431;12;3819;5408;8369;21848;
428;273210;12;3942;5296;8391;21904;
429;269238;12;3761;5536;8413;21960;
430;280203;12;3983;5728;8435;22016;
431;272945;12;3927;5744;8457;22072;
432;279688;12;4154;5632;8479;22128;
433;281584;12;4896;5408;8501;22184;
434;278277;12;3829;5472;8523;22240;
435;288855;12;3961;5728;8545;22296;
436;283998;12;3695;5632;8567;22352;
437;279254;12;3948;5776;8589;22408;
438;292547;12;3701;5648;8611;22464;
439;302113;12;3981;5648;8633;22520;
440;289912;12;4922;5648;8655;22576;
441;279940;12;4167;5568;8677;22632;
442;291369;12;4131;5552;8699;22688;
443;294015;12;4021;5680;8721;22744;
444;296714;12;3940;5712;8743;22800;
445;285906;12;3873;5600;8765;22856;
446;287995;12;4292;5632;8787;22912;
447;288025;12;4073;5792;8809;22968;
448;289600;12;4263;5776;8831;23024;
449;297088;12;4128;5776;8853;23080;
450;311461;12;4164;5840;8875;23136;
451;311443;12;3915;5696;8897;23192;
452;307382;12;4377;5728;8919;23248;
453;304562;12;4500;5936;8941;23304;
454;309231;12;4039;5776;8963;23360;
455;317481;12;4308;5840;8985;23416;
456;310212;12;4217;5824;9007;23472;
457;309884;12;4208;5856;9029;23528;
458;318781;12;4310;5952;9051;23584;
459;312919;12;4048;6032;9073;23640;
460;314818;12;4344;5904;9095;23696;
461;317718;12;4591;5872;9117;23752;
462;320711;12;4976;6032;9139;23808;
463;327957;12;4400;5920;9161;23864;
464;332284;12;4862;6048;9183;23920;
465;312444;12;4582;5952;9205;23976;
466;310305;12;4366;5968;9227;24032;
467;321279;12;4637;5936;9249;24088;
468;325614;12;4581;6016;9271;24144;
469;322422;12;4209;5872;9293;24200;
470;333027;12;4050;5968;9315;24256;
471;335505;12;4205;5920;9337;24312;
472;335244;12;4238;5904;9359;24368;
473;321892;12;4412;6224;9381;24424;
474;342961;12;4264;5936;9403;24480;
475;346671;12;4494;5952;9425;24536;
476;340478;12;4432;6176;9447;24592;
477;338254;12;4079;6128;9469;24648;
478;334831;12;5367;6208;9491;24704;
479;342133;12;4538;6160;9513;24760;
480;337780;12;4467;6256;9535;24816;
481;338644;12;5442;6224;9557;24872;
482;350829;12;4354;6192;9579;24928;
483;343407;12;4395;6112;9601;24984;
484;361362;12;4556;6064;9623;25040;
485;343630;12;4868;6064;9645;25096;
486;349063;12;4648;6352;9667;25152;
487;350933;12;5363;6064;9689;25208;
488;347740;12;4560;6288;9711;25264;
489;349828;12;4665;6256;9733;25320;
490;352189;12;5559;6304;9755;25376;
491;369311;12;4609;6112;9777;25432;
492;366922;12;4680;6304;9799;25488;
493;350118;12;4650;6608;9821;25544;
494;366783;12;4541;6272;9843;25600;
495;359961;12;4483;6432;9865;25656;
496;365020;12;4880;6176;9887;25712;
497;355388;12;4525;6464;9909;25768;
498;374153;12;5018;6368;9931;25824;
499;369663;12;5015;6272;9953;25880;
500;367030;12;4928;6368;9975;25936;
501;371110;12;4569;6448;9997;25992;
502;373087;12;4785;6544;10019;26048;
503;389917;12;4446;6480;10041;26104;
504;379904;12;5042;6416;10063;26160;
505;376836;12;4597;6288;10085;26216;
506;402281;12;4759;6256;10107;26272;
507;376663;12;4668;6384;10129;26328;
508;392738;12;5498;6464;10151;26384;
509;393102;12;4960;6416;10173;26440;
510;388423;12;4646;6464;10195;26496;
511;388885;12;4886;6688;10217;26552;
512;391852;12;4978;6416;10239;26608;
513;400032;12;4482;6480;10263;26668;
514;383905;12;4605;6512;10287;26728;
515;392251;12;5177;6528;10311;26788;
516;399262;12;5048;6480;10335;26848;
517;405730;12;5195;6704;10359;26908;
518;398459;12;5296;6640;10383;26968;
519;406697;12;4918;6624;10407;27028;
520;408296;12;4847;6688;10431;27088;
521;408436;12;4803;6800;10455;27148;
522;416601;12;5609;6448;10479;27208;
523;405511;12;4572;6448;10503;27268;
524;399618;12;5071;6560;10527;27328;
525;416370;12;5952;6736;10551;27388;
526;403999;12;5085;6352;10575;27448;
527;426533;12;5612;7024;10599;27508;
528;421512;12;4974;6608;10623;27568;
529;422496;12;4919;6784;10647;27628;
530;418729;12;5265;6720;10671;27688;
531;417067;12;5286;6768;10695;27748;
532;432354;12;4774;6816;10719;27808;
533;422526;12;5185;6848;10743;27868;
534;428563;12;5377;6800;10767;27928;
535;433217;12;4914;6864;10791;27988;
536;444532;12;5245;6736;10815;28048;
537;436380;12;5374;6864;10839;28108;
538;452133;12;5958;6880;10863;28168;
539;427331;12;4902;6944;10887;28228;
540;446174;12;5372;6960;10911;28288;
541;428398;12;5572;6800;10935;28348;
542;440675;12;5362;6896;10959;28408;
543;428425;12;5402;6864;10983;28468;
544;440792;12;5369;6736;11007;28528;
545;446768;12;5316;7024;11031;28588;
546;435641;12;4888;6608;11055;28648;
547;427123;12;5097;7120;11079;28708;
548;428598;12;4917;7008;11103;28768;
549;439894;12;4728;6800;11127;28828;
550;460771;12;4845;7040;11151;28888;
551;463653;12;5297;7088;11175;28948;
552;439092;12;6339;6960;11199;29008;
553;463984;12;5316;7008;11223;29068;
554;454973;12;5322;6976;11247;29128;
555;461155;12;5123;7072;11271;29188;
556;456650;12;6577;7008;11295;29248;
557;452190;12;5798;6960;11319;29308;
558;461259;12;5066;7136;11343;29368;
559;471333;12;5000;6896;11367;29428;
560;471900;12;5293;7328;11391;29488;
561;483748;12;5316;7072;11415;29548;
562;463277;12;5167;6992;11439;29608;
563;477567;12;5431;7056;11463;29668;
564;476110;12;5219;7136;11487;29728;
565;479994;12;5770;6976;11511;29788;
566;475367;12;5365;7120;11535;29848;
567;484561;12;5569;7376;11559;29908;
568;479656;12;5421;7104;11583;29968;
569;463484;12;5092;7264;11607;30028;
570;492801;12;5219;7312;11631;30088;
571;468435;12;5299;7168;11655;30148;
572;479938;12;5429;7200;11679;30208;
573;489366;12;5665;7312;11703;30268;
574;503415;12;5011;7232;11727;30328;
575;482653;12;5131;7168;11751;30388;
576;481028;12;5581;7280;11775;30448;
577;488244;12;5405;7264;11799;30508;
578;485573;12;5434;7072;11823;30568;
579;494687;12;5687;7296;11847;30628;
580;505118;12;5760;7296;11871;30688;
581;523062;12;5216;7136;11895;30748;
582;497439;12;6211;7616;11919;30808;
583;513005;12;5667;7424;11943;30868;
584;496140;12;5197;7344;11967;30928;
585;502648;12;5577;7520;11991;30988;
586;511329;12;5865;7344;12015;31048;
587;491255;12;5866;7392;12039;31108;
588;508710;12;5978;7568;12063;31168;
589;516386;12;5751;7280;12087;31228;
590;503815;12;5825;7392;12111;31288;
591;519173;12;5590;7328;12135;31348;
592;515940;12;5792;7424;12159;31408;
593;524248;12;5997;7456;12183;31468;
594;512145;12;5658;7584;12207;31528;
595;535743;12;5645;7568;12231;31588;
596;532738;12;6499;7424;12255;31648;
597;535722;12;5439;7616;12279;31708;
598;526987;12;6027;7584;12303;31768;
599;528073;12;5475;7488;12327;31828;
600;553024;12;6577;7584;12351;31888;
601;553868;12;5535;7504;12375;31948;
602;533661;12;5683;7696;12399;32008;
603;537063;12;5821;7616;12423;32068;
604;558242;12;5770;7408;12447;32128;
605;539394;12;5603;7728;12471;32188;
606;547167;12;5543;7744;12495;32248;
607;544101;12;5788;7520;12519;32308;
608;557400;12;6165;7648;12543;32368;
609;536572;12;6226;7872;12567;32428;
610;562061;12;5881;7568;12591;32488;
611;562871;12;6527;7776;12615;32548;
612;552226;12;6206;7648;12639;32608;
613;556586;12;7117;7776;12663;32668;
614;554603;12;5902;7680;12687;32728;
615;564789;12;5903;7632;12711;32788;
616;568840;12;6137;7664;12735;32848;
617;554220;12;5840;7792;12759;32908;
618;564709;12;5615;7968;12783;32968;
619;571003;12;5613;7824;12807;33028;
620;581290;12;5662;7824;12831;33088;
621;579930;12;6222;7712;12855;33148;
622;581819;12;6023;7920;12879;33208;
623;574053;12;6046;7632;12903;33268;
624;587156;12;5753;7952;12927;33328;
625;572628;12;5615;8064;12951;33388;
626;584897;12;5721;7808;12975;33448;
627;575487;12;5765;7888;12999;33508;
628;579914;12;6056;7888;13023;33568;
629;623130;12;6266;7936;13047;33628;
630;591975;12;6197;7968;13071;33688;
631;596177;12;5799;7952;13095;33748;
632;584100;12;5934;7904;13119;33808;
633;610696;12;6378;8000;13143;33868;
634;604817;12;6535;8272;13167;33928;
635;603579;12;6290;8096;13191;33988;
636;597202;12;6023;8000;13215;34048;
637;607586;12;6050;8096;13239;34108;
638;586539;12;6528;7840;13263;34168;
639;600857;12;6071;8048;13287;34228;
640;590716;12;6308;8096;13311;34288;
641;596912;12;6181;8352;13335;34348;
642;613133;12;6723;8160;13359;34408;
643;634651;12;6234;8016;13383;34468;
644;637146;12;6717;7872;13407;34528;
645;629042;12;6224;8096;13431;34588;
646;628763;12;6682;8096;13455;34648;
647;611545;12;6307;8240;13479;34708;
648;613416;12;5723;7840;13503;34768;
649;617464;12;6071;8288;13527;34828;
650;632669;12;6238;8208;13551;34888;
651;621259;12;7212;8112;13575;34948;
652;640926;12;7007;8288;13599;35008;
653;616794;12;5857;8224;13623;35068;
654;653903;12;5942;8432;13647;35128;
655;633121;12;6339;8064;13671;35188;
656;633096;12;6286;8512;13695;35248;
657;638952;12;6509;8320;13719;35308;
658;663109;12;6735;8240;13743;35368;
659;640219;12;6136;8128;13767;35428;
660;636886;12;6430;8224;13791;35488;
661;654206;12;6926;8288;13815;35548;
662;658651;12;6476;8368;13839;35608;
663;647493;12;6164;8400;13863;35668;
664;650396;12;6350;8496;13887;35728;
665;652864;12;6780;8496;13911;35788;
666;662197;12;6116;8256;13935;35848;
667;662155;12;7234;8352;13959;35908;
668;638226;12;6499;8224;13983;35968;
669;667786;12;6033;8304;14007;36028;
670;660999;12;6672;8336;14031;36088;
671;666181;12;6416;8512;14055;36148;
672;667772;12;7218;8672;14079;36208;
673;676708;12;6840;8384;14103;36268;
674;685289;12;6554;8128;14127;36328;
675;670459;12;6881;8336;14151;36388;
676;688262;12;7128;8480;14175;36448;
677;687094;12;6859;8704;14199;36508;
678;692659;12;6091;8592;14223;36568;
679;657729;12;6656;8640;14247;36628;
680;680100;12;6583;8400;14271;36688;
681;694972;12;6994;8576;14295;36748;
682;675437;12;6611;8336;14319;36808;
683;681819;12;6861;8624;14343;36868;
684;691190;12;6694;8656;14367;36928;
685;697126;12;7473;8544;14391;36988;
686;700827;12;6446;8560;14415;37048;
687;697249;12;6661;8576;14439;37108;
688;690040;12;7328;8656;14463;37168;
689;707696;12;7047;8768;14487;37228;
690;700137;12;7524;8656;14511;37288;
691;708839;12;6473;8816;14535;37348;
692;717290;12;6843;8720;14559;37408;
693;713366;12;7128;8688;14583;37468;
694;717259;12;7116;8640;14607;37528;
695;709037;12;7016;8512;14631;37588;
696;714336;12;6475;8656;14655;37648;
697;724628;12;6325;8768;14679;37708;
698;732489;12;7315;8768;14703;37768;
699;710451;12;6952;8976;14727;37828;
700;727402;12;6779;8800;14751;37888;
701;761714;12;6838;8944;14775;37948;
702;728623;12;7137;8864;14799;38008;
703;737045;12;6487;8784;14823;38068;
704;739144;12;7975;8768;14847;38128;
705;734740;12;7012;8688;14871;38188;
706;734389;12;7357;8624;14895;38248;
707;732275;12;6741;8864;14919;38308;
708;758054;12;6232;8656;14943;38368;
709;743858;12;7470;9200;14967;38428;
710;742463;12;7002;8864;14991;38488;
711;754449;12;7341;8672;15015;38548;
712;757432;12;7622;9216;15039;38608;
713;750516;12;6747;8816;15063;38668;
714;750413;12;7643;8832;15087;38728;
715;744703;12;6550;8928;15111;38788;
716;743910;12;6713;9040;15135;38848;
717;770802;12;6954;8816;15159;38908;
718;751127;12;6480;9040;15183;38968;
719;800245;12;7642;9008;15207;39028;
720;778608;12;7576;8960;15231;39088;
721;776680;12;6991;9072;15255;39148;
722;787069;12;6840;8976;15279;39208;
723;783695;12;6882;8976;15303;39268;
724;768690;12;7124;9008;15327;39328;
725;784342;12;6952;9040;15351;39388;
726;767491;12;6915;9152;15375;39448;
727;785293;12;7712;9184;15399;39508;
728;777296;12;7097;8912;15423;39568;
729;800572;12;7314;9008;15447;39628;
730;784421;12;7195;9184;15471;39688;
731;785387;12;7312;9280;15495;39748;
732;806934;12;7024;9088;15519;39808;
733;798442;12;7364;9040;15543;39868;
734;812315;12;6548;9072;15567;39928;
735;812065;12;7095;9024;15591;39988;
736;813148;12;6789;9328;15615;40048;
737;808552;12;8067;9200;15639;40108;
738;842625;12;6985;9072;15663;40168;
739;812415;12;7776;9296;15687;40228;
740;818938;12;7355;9088;15711;40288;
741;805650;12;6725;9136;15735;40348;
742;813347;12;7641;9392;15759;40408;
743;820657;12;7078;8992;15783;40468;
744;824756;12;6808;8944;15807;40528;
745;836860;12;7971;9312;15831;40588;
746;842565;12;7747;9440;15855;40648;
747;844895;12;7804;9504;15879;40708;
748;847502;12;7220;9456;15903;40768;
749;846458;12;7124;9168;15927;40828;
750;824827;12;7409;9664;15951;40888;
751;828473;12;7882;9472;15975;40948;
752;852800;12;7932;9280;15999;41008;
753;820200;12;7485;9568;16023;41068;
754;818033;12;7484;9600;16047;41128;
755;848695;12;7791;9808;16071;41188;
756;861930;12;7211;9648;16095;41248;
757;847174;12;7911;9552;16119;41308;
758;835263;12;7489;9536;16143;41368;
759;856049;12;8051;9376;16167;41428;
760;852168;12;7576;9440;16191;41488;
761;864408;12;7290;9488;16215;41548;
762;845773;12;6970;9472;16239;41608;
763;860483;12;8452;9376;16263;41668;
764;869418;12;8060;9520;16287;41728;
765;878902;12;8143;9584;16311;41788;
766;886067;12;8310;9376;16335;41848;
767;848265;12;7470;9360;16359;41908;
768;852940;12;7743;9504;16383;41968;
769;893404;12;7081;9504;16407;42028;
770;880553;12;7583;9616;16431;42088;
771;871591;12;8015;9456;16455;42148;
772;877534;12;7565;9728;16479;42208;
773;892258;12;8322;9568;16503;42268;
774;893675;12;7238;9744;16527;42328;
775;883281;12;7778;9872;16551;42388;
776;884296;12;7840;9712;16575;42448;
777;896556;12;8690;9568;16599;42508;
778;904101;12;8718;9680;16623;42568;
779;956491;12;7431;9568;16647;42628;
780;893230;12;7807;9840;16671;42688;
781;900878;12;7871;9680;16695;42748;
782;892323;12;7339;9840;16719;42808;
783;896441;12;7754;9680;16743;42868;
784;939560;12;7919;9968;16767;42928;
785;916704;12;8285;9728;16791;42988;
786;918249;12;7321;9456;16815;43048;
787;920779;12;7965;9760;16839;43108;
788;912630;12;7357;9664;16863;43168;
789;904910;12;7301;9856;16887;43228;
790;934635;12;8082;9760;16911;43288;
791;963245;12;7126;9984;16935;43348;
792;928188;12;7611;10048;16959;43408;
793;953108;12;7694;9600;16983;43468;
794;938033;12;7358;9808;17007;43528;
795;930291;12;7973;9776;17031;43588;
796;940706;12;8210;10032;17055;43648;
797;906442;12;7119;10016;17079;43708;
798;944467;12;7966;10112;17103;43768;
799;951293;12;7625;9984;17127;43828;
800;938348;12;8650;9872;17151;43888;
801;966940;12;8063;10144;17175;43948;
802;977741;12;8024;10064;17199;44008;
803;953635;12;7495;10272;17223;44068;
804;978766;12;9104;10064;17247;44128;
805;970774;12;8625;10048;17271;44188;
806;975847;12;8001;10016;17295;44248;
807;965897;12;8108;10176;17319;44308;
808;961740;12;7998;10240;17343;44368;
809;969528;12;8680;10240;17367;44428;
810;977833;12;8611;9936;17391;44488;
811;952811;12;8829;9872;17415;44548;
812;977642;12;7770;10096;17439;44608;
813;985606;12;8008;10272;17463;44668;
814;1000087;12;8082;9952;17487;44728;
815;989469;12;8041;10208;17511;44788;
816;991380;12;9155;10208;17535;44848;
817;995196;12;8100;10016;17559;44908;
818;1022713;12;8760;10288;17583;44968;
819;1019031;12;7945;9984;17607;45028;
820;972890;12;7858;10144;17631;45088;
821;1019806;12;8033;10608;17655;45148;
822;1028567;12;8381;10128;17679;45208;
823;1025425;12;8427;10128;17703;45268;
824;998480;12;7716;10144;17727;45328;
825;997432;12;7714;10224;17751;45388;
826;1010041;12;8304;10144;17775;45448;
827;1039491;12;8465;10208;17799;45508;
828;1025862;12;7957;10240;17823;45568;
829;1015694;12;7987;10288;17847;45628;
830;1010867;12;7996;10400;17871;45688;
831;1033361;12;8679;10640;17895;45748;
832;1046540;12;8425;10464;17919;45808;
833;1028908;12;7841;10160;17943;45868;
834;1029453;12;8295;10272;17967;45928;
835;1025783;12;8400;10320;17991;45988;
836;1059422;12;8331;10736;18015;46048;
837;1056322;12;8821;10416;18039;46108;
838;1042331;12;8014;10384;18063;46168;
839;1043045;12;10121;10544;18087;46228;
840;1080440;12;8017;10464;18111;46288;
841;1038148;12;8115;10304;18135;46348;
842;1043389;12;8043;10544;18159;46408;
843;1064563;12;8742;10064;18183;46468;
844;1045910;12;7902;10608;18207;46528;
845;1044098;12;9242;10544;18231;46588;
846;1049787;12;8670;10736;18255;46648;
847;1088121;12;7916;10576;18279;46708;
848;1095012;12;8207;10336;18303;46768;
849;1053756;12;8641;10512;18327;46828;
850;1079013;12;8420;10432;18351;46888;
851;1071635;12;8297;10592;18375;46948;
852;1045838;12;8180;10608;18399;47008;
853;1100982;12;8342;10928;18423;47068;
854;1092951;12;8982;10448;18447;47128;
855;1098177;12;8791;10656;18471;47188;
856;1114620;12;9609;10880;18495;47248;
857;1104660;12;8120;10304;18519;47308;
858;1080821;12;9242;10688;18543;47368;
859;1130663;12;8828;10480;18567;47428;
860;1107234;12;9706;10704;18591;47488;
861;1114334;12;9101;10800;18615;47548;
862;1111831;12;8299;10688;18639;47608;
863;1102437;12;8610;10576;18663;47668;
864;1083332;12;8220;10576;18687;47728;
865;1129552;12;8028;10512;18711;47788;
866;1117129;12;8602;10752;18735;47848;
867;1095659;12;9314;10736;18759;47908;
868;1144178;12;9090;10848;18783;47968;
869;1121566;12;7821;10624;18807;48028;
870;1142867;12;9153;10896;18831;48088;
871;1155101;12;9356;10624;18855;48148;
872;1137584;12;8294;10736;18879;48208;
873;1128720;12;9508;10992;18903;48268;
874;1144133;12;8536;10800;18927;48328;
875;1138139;12;8253;10944;18951;48388;
876;1160378;12;8917;10896;18975;48448;
877;1159466;12;8052;10704;18999;48508;
878;1153367;12;8378;10720;19023;48568;
879;1191337;12;8815;10832;19047;48628;
880;1164800;12;8666;11296;19071;48688;
881;1191512;12;8963;10896;19095;48748;
882;1134361;12;8527;10944;19119;48808;
883;1157251;12;9244;11168;19143;48868;
884;1149042;12;8959;11024;19167;48928;
885;1175094;12;8363;10848;19191;48988;
886;1188435;12;8687;11040;19215;49048;
887;1173933;12;9488;10944;19239;49108;
888;1187340;12;8169;11248;19263;49168;
889;1204228;12;9333;11008;19287;49228;
890;1188997;12;8310;10992;19311;49288;
891;1187523;12;10290;10992;19335;49348;
892;1157178;12;8307;11040;19359;49408;
893;1213326;12;8989;11024;19383;49468;
894;1196515;12;8727;11040;19407;49528;
895;1163329;12;8785;11040;19431;49588;
896;1168440;12;11148;11104;19455;49648;
897;1184408;12;9721;11040;19479;49708;
898;1219289;12;8693;10768;19503;49768;
899;1196255;12;9015;11040;19527;49828;
900;1208458;12;9195;11200;19551;49888;
901;1179986;12;9655;11360;19575;49948;
902;1203843;12;9073;11072;19599;50008;
903;1232677;12;8667;11152;19623;50068;
904;1182516;12;10072;11504;19647;50128;
905;1210512;12;8934;11264;19671;50188;
906;1226805;12;9362;11504;19695;50248;
907;1230515;12;8180;11024;19719;50308;
908;1258026;12;8617;11200;19743;50368;
909;1232062;12;8892;11280;19767;50428;
910;1218059;12;9621;11392;19791;50488;
911;1256341;12;9619;11264;19815;50548;
912;1247152;12;9110;11216;19839;50608;
913;1275668;12;9022;11104;19863;50668;
914;1212625;12;8962;11104;19887;50728;
915;1255991;12;9318;11232;19911;50788;
916;1274870;12;8694;11344;19935;50848;
917;1273166;12;9665;11424;19959;50908;
918;1279387;12;8943;11280;19983;50968;
919;1235845;12;8728;11280;20007;51028;
920;1243552;12;9354;11376;20031;51088;
921;1232496;12;9431;11008;20055;51148;
922;1272601;12;9213;11376;20079;51208;
923;1253539;12;9124;11216;20103;51268;
924;1287826;12;9420;11504;20127;51328;
925;1286962;12;8854;11184;20151;51388;
926;1285699;12;9682;11712;20175;51448;
927;1292133;12;9502;11296;20199;51508;
928;1259812;12;9619;11552;20223;51568;
929;1280500;12;9865;11600;20247;51628;
930;1294349;12;10116;11696;20271;51688;
931;1287987;12;10273;11600;20295;51748;
932;1276858;12;10187;11232;20319;51808;
933;1302630;12;10772;11328;20343;51868;
934;1260787;12;9428;11200;20367;51928;
935;1246005;12;8588;11312;20391;51988;
936;1291800;12;10781;11312;20415;52048;
937;1317716;12;9728;11568;20439;52108;
938;1265089;12;9351;11808;20463;52168;
939;1342715;12;9043;11728;20487;52228;
940;1338362;12;10018;11712;20511;52288;
941;1336074;12;8876;11504;20535;52348;
942;1275943;12;9328;11808;20559;52408;
943;1326745;12;9061;11808;20583;52468;
944;1314556;12;9828;11648;20607;52528;
945;1333568;12;10350;11840;20631;52588;
946;1343045;12;9038;11888;20655;52648;
947;1330835;12;8628;11664;20679;52708;
948;1309310;12;9834;11920;20703;52768;
949;1333322;12;9760;11360;20727;52828;
950;1351919;12;9889;12096;20751;52888;
951;1313213;12;8910;11488;20775;52948;
952;1362228;12;9491;11760;20799;53008;
953;1394736;12;9747;11744;20823;53068;
954;1364929;12;9446;12160;20847;53128;
955;1382979;12;9863;11744;20871;53188;
956;1340422;12;10849;11840;20895;53248;
957;1360102;12;9276;11840;20919;53308;
958;1363363;12;9842;11744;20943;53368;
959;1356221;12;9414;11696;20967;53428;
960;1389520;12;9961;12096;20991;53488;
961;1380376;12;9765;12208;21015;53548;
962;1344037;12;9797;11968;21039;53608;
963;1388643;12;9858;11920;21063;53668;
964;1403426;12;10645;11824;21087;53728;
965;1409894;12;9493;11904;21111;53788;
966;1372699;12;9256;11920;21135;53848;
967;1377285;12;9767;11904;21159;53908;
968;1398000;12;10581;12016;21183;53968;
969;1410380;12;9064;11984;21207;54028;
970;1375141;12;9561;12016;21231;54088;
971;1400623;12;9346;12176;21255;54148;
972;1377494;12;9264;11904;21279;54208;
973;1467106;12;9519;12224;21303;54268;
974;1429727;12;9990;12000;21327;54328;
975;1390633;12;10206;12176;21351;54388;
976;1379260;12;9068;11728;21375;54448;
977;1408700;12;10148;12048;21399;54508;
978;1406301;12;9951;12016;21423;54568;
979;1397775;12;9015;12000;21447;54628;
980;1413758;12;9319;12208;21471;54688;
981;1462138;12;9878;11904;21495;54748;
982;1431895;12;9562;12320;21519;54808;
983;1491785;12;9771;12368;21543;54868;
984;1429124;12;10254;12000;21567;54928;
985;1433144;12;9536;12160;21591;54988;
986;1436777;12;9987;12032;21615;55048;
987;1422327;12;9703;12096;21639;55108;
988;1434554;12;9655;11888;21663;55168;
989;1440894;12;9457;12320;21687;55228;
990;1461695;12;9513;12192;21711;55288;
991;1488073;12;10065;12320;21735;55348;
992;1491704;12;9640;12160;21759;55408;
993;1443244;12;10542;12352;21783;55468;
994;1404861;12;11176;11952;21807;55528;
995;1447543;12;9395;12240;21831;55588;
996;1489814;12;10805;12416;21855;55648;
997;1471606;12;10498;12448;21879;55708;
998;1488951;12;9418;12176;21903;55768;
999;1489945;12;10032;12304;21927;55828;
1000;1509216;12;11531;12368;21951;55888;
